{"class_name": "Model", "config": {"name": "model_4", "layers": [{"name": "input_3", "class_name": "InputLayer", "config": {"batch_input_shape": [null, 784], "dtype": "float32", "sparse": false, "name": "input_3"}, "inbound_nodes": []}, {"name": "dense_5", "class_name": "Dense", "config": {"name": "dense_5", "trainable": true, "units": 256, "activation": "sigmoid", "use_bias": true, "kernel_initializer": {"class_name": "VarianceScaling", "config": {"scale": 1.0, "mode": "fan_avg", "distribution": "uniform", "seed": null}}, "bias_initializer": {"class_name": "Zeros", "config": {}}, "kernel_regularizer": null, "bias_regularizer": null, "activity_regularizer": {"class_name": "L1L2", "config": {"l1": 0.0, "l2": 9.999999747378752e-05}}, "kernel_constraint": null, "bias_constraint": null}, "inbound_nodes": [[["input_3", 0, 0, {}]]]}, {"name": "dense_6", "class_name": "Dense", "config": {"name": "dense_6", "trainable": true, "units": 256, "activation": "sigmoid", "use_bias": true, "kernel_initializer": {"class_name": "VarianceScaling", "config": {"scale": 1.0, "mode": "fan_avg", "distribution": "uniform", "seed": null}}, "bias_initializer": {"class_name": "Zeros", "config": {}}, "kernel_regularizer": null, "bias_regularizer": null, "activity_regularizer": {"class_name": "L1L2", "config": {"l1": 0.0, "l2": 9.999999747378752e-05}}, "kernel_constraint": null, "bias_constraint": null}, "inbound_nodes": [[["dense_5", 0, 0, {}]]]}, {"name": "dense_7", "class_name": "Dense", "config": {"name": "dense_7", "trainable": true, "units": 256, "activation": "sigmoid", "use_bias": true, "kernel_initializer": {"class_name": "VarianceScaling", "config": {"scale": 1.0, "mode": "fan_avg", "distribution": "uniform", "seed": null}}, "bias_initializer": {"class_name": "Zeros", "config": {}}, "kernel_regularizer": null, "bias_regularizer": null, "activity_regularizer": null, "kernel_constraint": null, "bias_constraint": null}, "inbound_nodes": [[["dense_6", 0, 0, {}]]]}, {"name": "dense_8", "class_name": "Dense", "config": {"name": "dense_8", "trainable": true, "units": 784, "activation": "sigmoid", "use_bias": true, "kernel_initializer": {"class_name": "VarianceScaling", "config": {"scale": 1.0, "mode": "fan_avg", "distribution": "uniform", "seed": null}}, "bias_initializer": {"class_name": "Zeros", "config": {}}, "kernel_regularizer": null, "bias_regularizer": null, "activity_regularizer": null, "kernel_constraint": null, "bias_constraint": null}, "inbound_nodes": [[["dense_7", 0, 0, {}]]]}], "input_layers": [["input_3", 0, 0]], "output_layers": [["dense_8", 0, 0]]}, "keras_version": "2.2.4", "backend": "tensorflow"}